{
    "0":{
        "firstChild":"1.jpg",
        "secondChild":[
            {"name":"1-1.jpeg","name1":"佑诗2020新款女羊剪绒皮草大衣短款水貂领复合皮毛一体外套小个子","name2":"￥434.5"},
            {"name":"1-2.jpeg","name1":"佑诗2020冬新款女复合皮毛一体大衣短款翻领羊羔毛羊剪绒皮草外套","name2":"￥289"}
        ]
    },
    "1":{
        "firstChild":"2.jpg",
        "secondChild":[
            {"name":"2-1.jpeg","name1":"【104.7元抢600件，抢完恢复349元】正品新款皮尔卡丹秋冬牛仔裤男修身商务长裤子男士牛仔裤休闲男裤","name2":"￥104.7"},
            {"name":"2-2.jpeg","name1":"【92.7元抢800件，抢完恢复309元】皮尔卡丹2019新款牛仔裤男高腰直筒宽松弹力大码休闲长裤子男裤","name2":"￥92.7"}, {"name":"2-3.jpeg","name1":"七匹狼男士牛仔裤秋季新款青年商务休闲宽松直筒长裤潮正品男装p","name2":"￥136.69"}
            
        ]
    },
    "2":{
        "firstChild":"3.jpg",
        "secondChild":[
            {"name":"3-1.jpeg","name1":"欧姆龙电子血压计测量仪U10L家用老人臂式全自动量测仪器正品医用","name2":"￥179"},
            {"name":"3-2.jpeg","name1":"美年大健康体检套餐 家庭父母套餐 双人套餐","name2":"￥959"}, {"name":"3-3.jpeg","name1":"同仁堂六味地黄丸360丸水蜜丸男女肾虚滋阴补肾药品肾亏腰酸六位","name2":"￥14.49"}

            
        ]
    },
    "3":{
        "firstChild":"4.jpg",
        "secondChild":[
            {"name":"4-1.jpeg","name1":"【经典童年乳饮】娃哈哈AD钙奶220ml*16/20/24瓶儿童酸甜好味道","name2":"￥26.9"}
        ]
    },
    "4":{
        "firstChild":"5.jpg",
        "secondChild":[
            {"name":"5-1.jpeg","name1":"回力皮面防水全包跟棉拖鞋秋冬季情侣居家室内加绒保暖男女棉鞋新","name2":"￥29.8"},
            {"name":"5-2.jpeg","name1":"回力韩版时尚家居棉拖鞋加厚保暖情侣棉拖鞋女秋冬季半包跟毛拖鞋","name2":"￥22.8"},
            {"name":"5-3.jpeg","name1":"回力韩版时尚秋冬季家居棉拖鞋男女卧室内防滑加厚底情侣保暖棉拖","name2":"￥19.8"}
            
        ]
    },
    "5":{
        "firstChild":"6.jpg",
        "secondChild":[
            {"name":"6-1.jpeg","name1":"【61.9元抢800件，抢完恢复71.28元】蓝月亮8斤洁净洗衣液薰衣草香家庭装组合补充袋装官方正品","name2":"￥61.9"},
            {"name":"6-2.jpeg","name1":"【40卷10卷可选】斑布本色纸无芯卷纸无漂白家用卫生卷筒厕纸竹浆","name2":"￥10.89"}, 
            {"name":"6-3.jpeg","name1":"张小泉女士菜刀 家用不锈钢厨刀切片刀 切肉刀小菜刀","name2":"￥58"}
            
        ]
    },
    "6":{
        "firstChild":"3.jpg",
        "secondChild":[
            {"name":"3-1.jpeg","name1":"欧姆龙电子血压计测量仪U10L家用老人臂式全自动量测仪器正品医用","name2":"￥179"},
            {"name":"3-2.jpeg","name1":"美年大健康体检套餐 家庭父母套餐 双人套餐","name2":"￥959"}, {"name":"3-3.jpeg","name1":"同仁堂六味地黄丸360丸水蜜丸男女肾虚滋阴补肾药品肾亏腰酸六位","name2":"￥14.49"}
            
        ]
    },
    "7":{
        "firstChild":"3.jpg",
        "secondChild":[
            {"name":"3-1.jpeg","name1":"欧姆龙电子血压计测量仪U10L家用老人臂式全自动量测仪器正品医用","name2":"￥179"},
            {"name":"3-2.jpeg","name1":"美年大健康体检套餐 家庭父母套餐 双人套餐","name2":"￥959"}, {"name":"3-3.jpeg","name1":"同仁堂六味地黄丸360丸水蜜丸男女肾虚滋阴补肾药品肾亏腰酸六位","name2":"￥14.49"}
            
        ]
    },
    "8":{
        "firstChild":"3.jpg",
        "secondChild":[
            {"name":"3-1.jpeg","name1":"欧姆龙电子血压计测量仪U10L家用老人臂式全自动量测仪器正品医用","name2":"￥179"},
            {"name":"3-2.jpeg","name1":"美年大健康体检套餐 家庭父母套餐 双人套餐","name2":"￥959"}, {"name":"3-3.jpeg","name1":"同仁堂六味地黄丸360丸水蜜丸男女肾虚滋阴补肾药品肾亏腰酸六位","name2":"￥14.49"}
            
        ]
    },
    "9":{
        "firstChild":"3.jpg",
        "secondChild":[
            {"name":"3-1.jpeg","name1":"欧姆龙电子血压计测量仪U10L家用老人臂式全自动量测仪器正品医用","name2":"￥179"},
            {"name":"3-2.jpeg","name1":"美年大健康体检套餐 家庭父母套餐 双人套餐","name2":"￥959"}, {"name":"3-3.jpeg","name1":"同仁堂六味地黄丸360丸水蜜丸男女肾虚滋阴补肾药品肾亏腰酸六位","name2":"￥14.49"}
            
        ]
    },
    "10":{
        "firstChild":"3.jpg",
        "secondChild":[
            {"name":"3-1.jpeg","name1":"欧姆龙电子血压计测量仪U10L家用老人臂式全自动量测仪器正品医用","name2":"￥179"},
            {"name":"3-2.jpeg","name1":"美年大健康体检套餐 家庭父母套餐 双人套餐","name2":"￥959"}, {"name":"3-3.jpeg","name1":"同仁堂六味地黄丸360丸水蜜丸男女肾虚滋阴补肾药品肾亏腰酸六位","name2":"￥14.49"}
            
        ]
    }
}