{
    "1": {
        "firstchild": "网站首页",
        "secoudchild": []
    },
    "2": {
        "firstchild": "公司概况",
        "secoudchild": []
    },
    "3": {
        "firstchild": "业务体系",
        "secoudchild": [
            {
                "name": "建筑工程 物业类"
            },
            {
                "name": "学历提升"
            }
        ]
    },
    "4": {
        "firstchild": "合作洽谈",
        "secoudchild": []
    },
    "5": {
        "firstchild": "新闻中心",
        "secoudchild": [
            {
                "name": "公司新闻"
            },
            {
                "name": "行业新闻"
            }
        ]
    },
    "6": {
        "firstchild": "客户见证",
        "secoudchild": [
            {
                "name": "学院中心"
            },
            {
                "name": "公司荣誉"
            }
        ]
    },
    "7": {
        "firstchild": "下载中心",
        "secoudchild": [
            {
                "name": "报名下载"
            },
            {
                "name": "学习资料下载"
            }
        ]
    },
    "8": {
        "firstchild": "联系我们",
        "secoudchild": []
    }
}