{
    "data":{
        "a":{
            "href":"http://127.0.0.1:5500/html/news.html?classID=1&id=1",
            "title":"庆祝固安第一期消防中控值机考前培训顺利开班",
            "txt":" ",
            "img":"../img/new_01.jpg"
        },
        "b":{            
            "href":"http://127.0.0.1:5500/html/news.html?classID=1&id=2",
            "title":"我司联合北京融安消防培训学校在固安开课",
            "txt":"建（构）筑物消防员（消防设施操作员）报名文件",
            "img":"../img/new_02.png"
        },
        "c":{
            "href":"http://127.0.0.1:5500/html/news.html?classID=1&id=3",
            "title":"建（构）筑物消防员（初级）",
            "txt":"关于建（构）筑物消防员（初级）培训计划",
            "img":"../img/new_03.jpg"
        },
        "d":{
            "href":"http://127.0.0.1:5500/html/news.html?classID=1&id=4",
            "title":"安监局特种工考试停考",
            "txt":"北京安监局特种工停考通知",
            "img":""
        },
        "e":{
            "href":"http://127.0.0.1:5500/html/news.html?classID=1&id=5",
            "title":"物业项目经理必备岗位证书",
            "txt":"物业项目经理必备岗位证书",
            "img":"../img/new_05.jpg"
        }
    }
}